{"data":{"statistics":{"totalVolumeUsd":3218978404.5609665,"totalAccountsCount":179978,"totalBetsToDateCount":5190291,"volume30dUsd":1310873538.3166823}}}