{"data":{"statistics":{"totalVolumeUsd":3238954744.308503,"totalAccountsCount":181288,"totalBetsToDateCount":5260890,"volume30dUsd":1324769014.0988069}}}