{"data":{"statistics":{"totalVolumeUsd":3176826253.6155105,"totalAccountsCount":177803,"totalBetsToDateCount":5095990,"volume30dUsd":1286966699.748533}}}