{"data":{"statistics":{"totalVolumeUsd":3233576249.6158233,"totalAccountsCount":180623,"totalBetsToDateCount":5228306,"volume30dUsd":1322543938.670055}}}