{"data":{"statistics":{"totalVolumeUsd":3236109357.4869113,"totalAccountsCount":180781,"totalBetsToDateCount":5237635,"volume30dUsd":1324054454.1773646}}}