{"data":{"statistics":{"totalVolumeUsd":3216819784.4313765,"totalAccountsCount":179635,"totalBetsToDateCount":5174532,"volume30dUsd":1312369835.53442}}}