{"data":{"statistics":{"totalVolumeUsd":3173360996.2014923,"totalAccountsCount":177172,"totalBetsToDateCount":5080380,"volume30dUsd":1288961300.57473}}}