{"data":{"statistics":{"totalVolumeUsd":3232991720.8895226,"totalAccountsCount":180493,"totalBetsToDateCount":5222211,"volume30dUsd":1322087637.4151433}}}