{"data":{"statistics":{"totalVolumeUsd":3233660513.8560085,"totalAccountsCount":180657,"totalBetsToDateCount":5230373,"volume30dUsd":1322604556.1101341}}}