{"data":{"statistics":{"totalVolumeUsd":3239497242.472076,"totalAccountsCount":181455,"totalBetsToDateCount":5271987,"volume30dUsd":1324985916.27733}}}