{"data":{"statistics":{"totalVolumeUsd":3178610765.1694303,"totalAccountsCount":178320,"totalBetsToDateCount":5112024,"volume30dUsd":1286020253.2785988}}}