{"data":{"statistics":{"totalVolumeUsd":3216086927.833744,"totalAccountsCount":179585,"totalBetsToDateCount":5171952,"volume30dUsd":1312151507.4317315}}}