{"data":{"statistics":{"totalVolumeUsd":3219285954.190075,"totalAccountsCount":180037,"totalBetsToDateCount":5193453,"volume30dUsd":1311129150.023961}}}