{"data":{"statistics":{"totalVolumeUsd":3235221532.7299333,"totalAccountsCount":180691,"totalBetsToDateCount":5232748,"volume30dUsd":1324115129.9827855}}}