{"data":{"statistics":{"totalVolumeUsd":3236889767.1966176,"totalAccountsCount":181039,"totalBetsToDateCount":5249503,"volume30dUsd":1324353894.7275002}}}