{"data":{"statistics":{"totalVolumeUsd":3240010623.760477,"totalAccountsCount":181659,"totalBetsToDateCount":5282197,"volume30dUsd":1322676876.64042}}}