{"data":{"statistics":{"totalVolumeUsd":3239357048.5882854,"totalAccountsCount":181386,"totalBetsToDateCount":5267719,"volume30dUsd":1324959897.5575473}}}