{"data":{"statistics":{"totalVolumeUsd":3239871858.435249,"totalAccountsCount":181586,"totalBetsToDateCount":5279808,"volume30dUsd":1323452740.053573}}}