{"data":{"statistics":{"totalVolumeUsd":3174123447.092297,"totalAccountsCount":177505,"totalBetsToDateCount":5089592,"volume30dUsd":1288445712.0897539}}}