{"data":{"statistics":{"totalVolumeUsd":3202986173.7368994,"totalAccountsCount":179004,"totalBetsToDateCount":5143709,"volume30dUsd":1303191606.4357207}}}