{"data":{"statistics":{"totalVolumeUsd":3230476118.3368936,"totalAccountsCount":180411,"totalBetsToDateCount":5217352,"volume30dUsd":1319642253.027411}}}