{"data":{"statistics":{"totalVolumeUsd":3236159685.2333703,"totalAccountsCount":180802,"totalBetsToDateCount":5238952,"volume30dUsd":1324074540.7946844}}}