{"data":{"statistics":{"totalVolumeUsd":3218858790.3444214,"totalAccountsCount":179893,"totalBetsToDateCount":5187220,"volume30dUsd":1310801936.663172}}}