{"data":{"statistics":{"totalVolumeUsd":3236050996.8013577,"totalAccountsCount":180753,"totalBetsToDateCount":5236075,"volume30dUsd":1324051813.7600558}}}