{"data":{"statistics":{"totalVolumeUsd":3218943165.2926006,"totalAccountsCount":179933,"totalBetsToDateCount":5189147,"volume30dUsd":1310864757.2847464}}}