{"data":{"statistics":{"totalVolumeUsd":3218629214.692457,"totalAccountsCount":179790,"totalBetsToDateCount":5182910,"volume30dUsd":1310650320.5032067}}}