{"data":{"statistics":{"totalVolumeUsd":3219421506.627251,"totalAccountsCount":180070,"totalBetsToDateCount":5195029,"volume30dUsd":1311242143.4928367}}}