{"data":{"statistics":{"totalVolumeUsd":3218779991.7018824,"totalAccountsCount":179847,"totalBetsToDateCount":5185238,"volume30dUsd":1310746567.9259853}}}