{"data":{"statistics":{"totalVolumeUsd":3240081298.410245,"totalAccountsCount":181687,"totalBetsToDateCount":5283710,"volume30dUsd":1322729452.5802534}}}