{"data":{"statistics":{"totalVolumeUsd":3239670076.1056085,"totalAccountsCount":181514,"totalBetsToDateCount":5275541,"volume30dUsd":1324646594.7359922}}}