{"data":{"statistics":{"totalVolumeUsd":3233166795.7565856,"totalAccountsCount":180561,"totalBetsToDateCount":5225795,"volume30dUsd":1322162061.4713295}}}