{"data":{"statistics":{"totalVolumeUsd":3236207424.3250327,"totalAccountsCount":180830,"totalBetsToDateCount":5240166,"volume30dUsd":1324072152.4437394}}}