{"data":{"statistics":{"totalVolumeUsd":3258539598.780704,"totalAccountsCount":181754,"totalBetsToDateCount":5289001,"volume30dUsd":1341626674.914568}}}