{"data":{"statistics":{"totalVolumeUsd":3180145522.1544766,"totalAccountsCount":178571,"totalBetsToDateCount":5118829,"volume30dUsd":1282077237.3642106}}}