{"data":{"statistics":{"totalVolumeUsd":3212329620.4200296,"totalAccountsCount":179545,"totalBetsToDateCount":5168859,"volume30dUsd":1308419986.8651297}}}