{"data":{"statistics":{"totalVolumeUsd":3219211792.4013515,"totalAccountsCount":180009,"totalBetsToDateCount":5192068,"volume30dUsd":1311080036.290256}}}