{"data":{"statistics":{"totalVolumeUsd":3219705860.08948,"totalAccountsCount":180106,"totalBetsToDateCount":5198352,"volume30dUsd":1311472555.540398}}}