{"data":{"statistics":{"totalVolumeUsd":3238786993.221209,"totalAccountsCount":181249,"totalBetsToDateCount":5258327,"volume30dUsd":1324687160.3360136}}}