{"data":{"statistics":{"totalVolumeUsd":3220543567.846023,"totalAccountsCount":180274,"totalBetsToDateCount":5207954,"volume30dUsd":1310716224.1718783}}}