{"data":{"statistics":{"totalVolumeUsd":3236573316.8273463,"totalAccountsCount":180887,"totalBetsToDateCount":5243130,"volume30dUsd":1324342282.586268}}}