{"data":{"statistics":{"totalVolumeUsd":3235898063.1729045,"totalAccountsCount":180731,"totalBetsToDateCount":5234752,"volume30dUsd":1323928957.1665816}}}