{"data":{"statistics":{"totalVolumeUsd":3171773195.361629,"totalAccountsCount":176776,"totalBetsToDateCount":5065527,"volume30dUsd":1288591125.670231}}}