{"data":{"statistics":{"totalVolumeUsd":3238526937.420517,"totalAccountsCount":181164,"totalBetsToDateCount":5253756,"volume30dUsd":1325210680.9393194}}}