{"data":{"statistics":{"totalVolumeUsd":3209488423.7643065,"totalAccountsCount":179292,"totalBetsToDateCount":5161012,"volume30dUsd":1307353457.021238}}}