{"data":{"statistics":{"totalVolumeUsd":3220230631.8893886,"totalAccountsCount":180209,"totalBetsToDateCount":5204356,"volume30dUsd":1311160304.7563322}}}