{"data":{"statistics":{"totalVolumeUsd":3240260977.677712,"totalAccountsCount":181711,"totalBetsToDateCount":5285166,"volume30dUsd":1322882238.755827}}}