{"data":{"statistics":{"totalVolumeUsd":3217986387.0036917,"totalAccountsCount":179692,"totalBetsToDateCount":5177171,"volume30dUsd":1312418065.7628632}}}