{"data":{"statistics":{"totalVolumeUsd":3224192753.425088,"totalAccountsCount":180362,"totalBetsToDateCount":5214827,"volume30dUsd":1313414382.745123}}}