{"data":{"statistics":{"totalVolumeUsd":3220644274.399221,"totalAccountsCount":180311,"totalBetsToDateCount":5210251,"volume30dUsd":1310057883.543611}}}