{"data":{"statistics":{"totalVolumeUsd":3230591205.4189186,"totalAccountsCount":180437,"totalBetsToDateCount":5219296,"volume30dUsd":1319740003.6527972}}}