{"data":{"statistics":{"totalVolumeUsd":3202749708.2872715,"totalAccountsCount":178922,"totalBetsToDateCount":5139354,"volume30dUsd":1303393812.2144127}}}